user_id,date,steps,sleep_hours,heart_rate
user_001,2026-04-05,6593,7.4,77
user_001,2026-04-06,11046,7.3,70
user_001,2026-04-07,11158,8.3,68
user_001,2026-04-08,9085,7.0,68
user_001,2026-04-09,8483,5.6,58
user_001,2026-04-10,6875,6.5,74
user_001,2026-04-11,3783,6.1,83
user_001,2026-04-12,5148,7.6,60
user_001,2026-04-13,6911,7.6,62
user_001,2026-04-14,8751,6.9,69
user_001,2026-04-15,6796,9.4,71
user_001,2026-04-16,5884,8.3,62
user_001,2026-04-17,8417,5.5,61
user_001,2026-04-18,5993,8.2,73
user_001,2026-04-19,5368,7.2,60
user_001,2026-04-20,6560,7.0,80
user_001,2026-04-21,8687,5.7,74
user_001,2026-04-22,7229,6.8,76
user_001,2026-04-23,10061,8.4,65
user_001,2026-04-24,7381,7.8,79
user_001,2026-04-25,2373,6.2,70
user_001,2026-04-26,659,7.2,90
user_001,2026-04-27,4298,7.4,82
user_001,2026-04-28,6709,7.9,84
user_001,2026-04-29,7928,9.1,51
user_001,2026-04-30,9643,7.6,69
user_001,2026-05-01,8183,5.5,70
user_001,2026-05-02,6314,9.0,67
user_001,2026-05-03,3983,7.0,79
user_001,2026-05-04,8657,7.0,76
user_002,2026-04-05,5794,8.5,66
user_002,2026-04-06,7344,7.1,60
user_002,2026-04-07,8592,7.8,72
user_002,2026-04-08,7530,6.1,68
user_002,2026-04-09,7314,6.7,70
user_002,2026-04-10,8808,9.4,73
user_002,2026-04-11,6115,7.4,56
user_002,2026-04-12,5546,7.6,91
user_002,2026-04-13,7615,7.8,71
user_002,2026-04-14,5662,8.6,78
user_002,2026-04-15,9582,6.6,83
user_002,2026-04-16,1857,7.0,96
user_002,2026-04-17,2143,5.8,79
user_002,2026-04-18,2319,4.8,79
user_002,2026-04-19,990,6.8,71
user_002,2026-04-20,7091,5.6,76
user_002,2026-04-21,6384,5.1,81
user_002,2026-04-22,7096,4.8,80
user_002,2026-04-23,8519,8.3,62
user_002,2026-04-24,5359,8.0,74
user_002,2026-04-25,6100,7.8,66
user_002,2026-04-26,6064,7.8,66
user_002,2026-04-27,11731,8.0,62
user_002,2026-04-28,9313,6.5,78
user_002,2026-04-29,10317,6.7,79
user_002,2026-04-30,8825,8.3,87
user_002,2026-05-01,7509,6.7,64
user_002,2026-05-02,3968,7.4,74
user_002,2026-05-03,6153,8.3,72
user_002,2026-05-04,10907,7.2,93
user_003,2026-04-05,6851,6.6,63
user_003,2026-04-06,8964,7.3,77
user_003,2026-04-07,8946,7.4,65
user_003,2026-04-08,4970,7.1,78
user_003,2026-04-09,8428,6.3,73
user_003,2026-04-10,8770,6.6,73
user_003,2026-04-11,5716,6.4,74
user_003,2026-04-12,6721,8.6,80
user_003,2026-04-13,5244,6.6,76
user_003,2026-04-14,9027,8.0,100
user_003,2026-04-15,9141,8.6,79
user_003,2026-04-16,9302,7.2,78
user_003,2026-04-17,6454,7.3,68
user_003,2026-04-18,5763,9.8,57
user_003,2026-04-19,6972,5.9,68
user_003,2026-04-20,10177,7.6,63
user_003,2026-04-21,6569,8.2,66
user_003,2026-04-22,8432,7.5,66
user_003,2026-04-23,12287,8.1,55
user_003,2026-04-24,8372,6.8,78
user_003,2026-04-25,1305,6.3,83
user_003,2026-04-26,4588,5.2,76
user_003,2026-04-27,3405,5.7,93
user_003,2026-04-28,4219,5.1,86
user_003,2026-04-29,7830,7.4,67
user_003,2026-04-30,3576,7.6,73
user_003,2026-05-01,5011,7.1,71
user_003,2026-05-02,5480,4.3,63
user_003,2026-05-03,5094,6.3,85
user_003,2026-05-04,5139,7.1,73
user_004,2026-04-05,8482,6.1,81
user_004,2026-04-06,8020,6.5,75
user_004,2026-04-07,8398,6.9,72
user_004,2026-04-08,7229,7.6,77
user_004,2026-04-09,11172,6.3,89
user_004,2026-04-10,4095,7.3,76
user_004,2026-04-11,6161,6.9,70
user_004,2026-04-12,4613,6.9,78
user_004,2026-04-13,8714,6.8,79
user_004,2026-04-14,8614,8.3,77
user_004,2026-04-15,6342,6.9,77
user_004,2026-04-16,9220,7.5,72
user_004,2026-04-17,10555,6.9,76
user_004,2026-04-18,5195,7.3,80
user_004,2026-04-19,4769,7.2,89
user_004,2026-04-20,3620,7.1,76
user_004,2026-04-21,5284,6.2,79
user_004,2026-04-22,5382,5.6,95
user_004,2026-04-23,5987,6.3,81
user_004,2026-04-24,9583,8.1,77
user_004,2026-04-25,5575,6.6,72
user_004,2026-04-26,4245,8.5,70
user_004,2026-04-27,6349,7.2,75
user_004,2026-04-28,6872,6.7,73
user_004,2026-04-29,8489,7.0,68
user_004,2026-04-30,8464,6.1,60
user_004,2026-05-01,6563,7.3,74
user_004,2026-05-02,8550,8.4,70
user_004,2026-05-03,5561,6.5,71
user_004,2026-05-04,7422,7.8,65
user_005,2026-04-05,6638,9.0,71
user_005,2026-04-06,8803,8.2,68
user_005,2026-04-07,8448,7.5,72
user_005,2026-04-08,6453,7.5,75
user_005,2026-04-09,10902,8.5,89
user_005,2026-04-10,6465,8.4,73
user_005,2026-04-11,9979,6.7,65
user_005,2026-04-12,4401,5.4,67
user_005,2026-04-13,6481,7.7,74
user_005,2026-04-14,11752,8.5,67
user_005,2026-04-15,6203,8.0,61
user_005,2026-04-16,11662,8.7,68
user_005,2026-04-17,4573,8.9,71
user_005,2026-04-18,8075,5.9,67
user_005,2026-04-19,5610,7.5,68
user_005,2026-04-20,5079,5.3,78
user_005,2026-04-21,3749,6.9,84
user_005,2026-04-22,1383,4.8,89
user_005,2026-04-23,4606,5.6,91
user_005,2026-04-24,3474,7.6,79
user_005,2026-04-25,9721,9.3,70
user_005,2026-04-26,7543,8.1,82
user_005,2026-04-27,6070,8.2,80
user_005,2026-04-28,4482,6.3,55
user_005,2026-04-29,7461,8.2,84
user_005,2026-04-30,8148,9.1,60
user_005,2026-05-01,4593,7.4,75
user_005,2026-05-02,5534,5.4,71
user_005,2026-05-03,2991,8.2,74
user_005,2026-05-04,6120,7.0,63
user_006,2026-04-05,5474,8.5,64
user_006,2026-04-06,9008,7.0,65
user_006,2026-04-07,7785,6.5,67
user_006,2026-04-08,5604,9.5,72
user_006,2026-04-09,6600,7.7,71
user_006,2026-04-10,7558,8.1,78
user_006,2026-04-11,4538,6.9,69
user_006,2026-04-12,996,6.0,82
user_006,2026-04-13,11289,7.3,76
user_006,2026-04-14,8622,10.6,80
user_006,2026-04-15,7744,6.5,59
user_006,2026-04-16,8406,6.7,60
user_006,2026-04-17,6706,6.4,85
user_006,2026-04-18,7363,7.5,83
user_006,2026-04-19,5754,6.6,84
user_006,2026-04-20,9077,6.5,70
user_006,2026-04-21,2165,5.0,86
user_006,2026-04-22,7291,5.0,83
user_006,2026-04-23,2509,5.9,74
user_006,2026-04-24,6272,7.5,65
user_006,2026-04-25,6140,7.4,70
user_006,2026-04-26,3784,6.9,78
user_006,2026-04-27,9001,6.5,72
user_006,2026-04-28,9502,5.8,76
user_006,2026-04-29,6674,8.1,65
user_006,2026-04-30,4390,5.9,72
user_006,2026-05-01,8519,6.6,77
user_006,2026-05-02,2276,7.4,62
user_006,2026-05-03,4296,7.5,65
user_006,2026-05-04,7230,8.5,67
user_007,2026-04-05,7271,6.4,76
user_007,2026-04-06,10883,5.0,65
user_007,2026-04-07,9154,7.3,74
user_007,2026-04-08,6792,7.6,70
user_007,2026-04-09,10335,7.8,74
user_007,2026-04-10,7176,7.0,68
user_007,2026-04-11,6388,7.1,74
user_007,2026-04-12,9750,8.4,69
user_007,2026-04-13,10402,7.1,55
user_007,2026-04-14,5983,5.6,69
user_007,2026-04-15,8036,9.2,74
user_007,2026-04-16,7561,8.3,54
user_007,2026-04-17,8471,8.3,60
user_007,2026-04-18,7887,7.8,68
user_007,2026-04-19,6865,9.8,73
user_007,2026-04-20,4988,5.9,72
user_007,2026-04-21,6349,5.5,79
user_007,2026-04-22,2786,6.9,81
user_007,2026-04-23,5638,5.9,77
user_007,2026-04-24,1266,5.9,82
user_007,2026-04-25,3916,5.5,86
user_007,2026-04-26,5100,6.8,94
user_007,2026-04-27,6452,6.3,57
user_007,2026-04-28,10992,8.2,71
user_007,2026-04-29,8559,6.4,91
user_007,2026-04-30,8258,7.6,77
user_007,2026-05-01,8962,7.7,65
user_007,2026-05-02,6542,9.4,82
user_007,2026-05-03,8786,7.0,64
user_007,2026-05-04,7748,7.6,80
user_008,2026-04-05,2215,9.0,70
user_008,2026-04-06,7146,6.5,58
user_008,2026-04-07,9646,7.6,61
user_008,2026-04-08,5409,7.2,85
user_008,2026-04-09,7480,6.0,70
user_008,2026-04-10,7454,4.8,71
user_008,2026-04-11,5138,8.2,86
user_008,2026-04-12,7853,7.2,63
user_008,2026-04-13,13146,7.6,72
user_008,2026-04-14,7951,7.7,70
user_008,2026-04-15,6852,7.0,71
user_008,2026-04-16,6913,6.8,72
user_008,2026-04-17,7490,9.0,50
user_008,2026-04-18,7783,8.7,55
user_008,2026-04-19,4914,7.1,60
user_008,2026-04-20,6444,6.4,86
user_008,2026-04-21,5945,7.6,84
user_008,2026-04-22,1207,5.9,83
user_008,2026-04-23,2095,7.1,77
user_008,2026-04-24,3481,7.1,82
user_008,2026-04-25,1887,7.5,70
user_008,2026-04-26,6831,8.1,69
user_008,2026-04-27,8652,6.2,79
user_008,2026-04-28,7630,7.0,80
user_008,2026-04-29,6591,6.1,59
user_008,2026-04-30,9212,6.2,86
user_008,2026-05-01,3836,9.2,73
user_008,2026-05-02,5406,7.0,75
user_008,2026-05-03,5524,8.6,72
user_008,2026-05-04,8300,7.1,71
user_009,2026-04-05,6215,5.8,61
user_009,2026-04-06,9486,7.7,70
user_009,2026-04-07,8036,7.8,67
user_009,2026-04-08,6443,7.7,64
user_009,2026-04-09,8816,5.8,80
user_009,2026-04-10,8945,7.8,79
user_009,2026-04-11,8930,8.5,57
user_009,2026-04-12,3040,6.9,72
user_009,2026-04-13,9035,6.8,73
user_009,2026-04-14,6489,6.9,60
user_009,2026-04-15,6153,6.1,64
user_009,2026-04-16,10107,6.6,93
user_009,2026-04-17,8986,7.7,65
user_009,2026-04-18,7000,6.9,72
user_009,2026-04-19,10720,7.4,81
user_009,2026-04-20,6593,7.5,86
user_009,2026-04-21,6746,9.3,77
user_009,2026-04-22,6875,8.1,79
user_009,2026-04-23,9243,5.9,66
user_009,2026-04-24,7504,7.4,76
user_009,2026-04-25,3033,5.0,82
user_009,2026-04-26,4389,6.9,87
user_009,2026-04-27,5301,6.8,78
user_009,2026-04-28,4678,7.9,73
user_009,2026-04-29,8543,6.2,63
user_009,2026-04-30,10106,7.5,77
user_009,2026-05-01,8056,7.5,79
user_009,2026-05-02,4567,7.6,68
user_009,2026-05-03,4731,7.2,73
user_009,2026-05-04,7042,8.8,64
user_010,2026-04-05,5226,7.1,83
user_010,2026-04-06,8393,8.5,60
user_010,2026-04-07,8534,8.4,72
user_010,2026-04-08,10130,7.0,83
user_010,2026-04-09,12597,7.1,68
user_010,2026-04-10,10906,9.1,67
user_010,2026-04-11,4759,7.2,61
user_010,2026-04-12,3762,6.5,65
user_010,2026-04-13,7930,7.7,84
user_010,2026-04-14,6003,8.5,70
user_010,2026-04-15,7901,8.2,63
user_010,2026-04-16,8764,7.7,75
user_010,2026-04-17,4771,8.8,74
user_010,2026-04-18,1189,5.8,74
user_010,2026-04-19,1368,7.6,90
user_010,2026-04-20,2767,5.5,82
user_010,2026-04-21,2600,7.0,80
user_010,2026-04-22,419,7.9,93
user_010,2026-04-23,6774,7.1,74
user_010,2026-04-24,8668,8.2,88
user_010,2026-04-25,5246,6.7,60
user_010,2026-04-26,4138,7.5,86
user_010,2026-04-27,6964,7.7,71
user_010,2026-04-28,10376,10.0,67
user_010,2026-04-29,7021,8.5,77
user_010,2026-04-30,11693,8.1,69
user_010,2026-05-01,9181,8.6,78
user_010,2026-05-02,6614,8.6,81
user_010,2026-05-03,8364,8.1,70
user_010,2026-05-04,8293,8.7,65
user_011,2026-04-05,6337,7.1,72
user_011,2026-04-06,10556,7.7,72
user_011,2026-04-07,5280,8.2,77
user_011,2026-04-08,12326,7.2,73
user_011,2026-04-09,8498,9.1,71
user_011,2026-04-10,8558,8.1,73
user_011,2026-04-11,4707,7.7,80
user_011,2026-04-12,3546,7.6,66
user_011,2026-04-13,10390,6.0,67
user_011,2026-04-14,8754,9.1,71
user_011,2026-04-15,6889,9.4,60
user_011,2026-04-16,3602,7.9,67
user_011,2026-04-17,5957,8.2,73
user_011,2026-04-18,4471,6.2,78
user_011,2026-04-19,6900,7.4,86
user_011,2026-04-20,5859,6.0,66
user_011,2026-04-21,7908,7.7,70
user_011,2026-04-22,8704,6.2,83
user_011,2026-04-23,7835,8.6,74
user_011,2026-04-24,8913,8.1,75
user_011,2026-04-25,6885,8.8,73
user_011,2026-04-26,7018,7.4,83
user_011,2026-04-27,6647,9.3,71
user_011,2026-04-28,5138,7.6,66
user_011,2026-04-29,9681,6.8,68
user_011,2026-04-30,4220,7.0,52
user_011,2026-05-01,4832,8.3,78
user_011,2026-05-02,6450,6.5,71
user_011,2026-05-03,5592,6.3,84
user_011,2026-05-04,9754,7.3,72
user_012,2026-04-05,6016,5.5,70
user_012,2026-04-06,6636,6.5,69
user_012,2026-04-07,11595,8.1,67
user_012,2026-04-08,9145,8.9,79
user_012,2026-04-09,8119,6.9,77
user_012,2026-04-10,8786,8.4,77
user_012,2026-04-11,7699,7.0,82
user_012,2026-04-12,5995,9.6,66
user_012,2026-04-13,11471,7.7,66
user_012,2026-04-14,7032,7.2,75
user_012,2026-04-15,9045,6.9,71
user_012,2026-04-16,12284,9.2,75
user_012,2026-04-17,8076,7.6,76
user_012,2026-04-18,3554,7.2,58
user_012,2026-04-19,6398,8.1,68
user_012,2026-04-20,11147,6.3,60
user_012,2026-04-21,8448,8.5,85
user_012,2026-04-22,7082,8.6,71
user_012,2026-04-23,7654,8.4,77
user_012,2026-04-24,4847,9.0,83
user_012,2026-04-25,4348,7.9,75
user_012,2026-04-26,6121,6.9,66
user_012,2026-04-27,7948,8.7,76
user_012,2026-04-28,7258,8.3,50
user_012,2026-04-29,10297,5.8,69
user_012,2026-04-30,5760,6.2,81
user_012,2026-05-01,7064,7.8,71
user_012,2026-05-02,6554,7.6,61
user_012,2026-05-03,7592,7.0,59
user_012,2026-05-04,7143,9.0,78
user_013,2026-04-05,4902,7.2,69
user_013,2026-04-06,12153,7.9,75
user_013,2026-04-07,10060,7.7,69
user_013,2026-04-08,7607,7.4,71
user_013,2026-04-09,9455,7.6,77
user_013,2026-04-10,7838,7.6,56
user_013,2026-04-11,7432,7.8,79
user_013,2026-04-12,0,9.6,70
user_013,2026-04-13,10216,6.5,76
user_013,2026-04-14,5893,6.9,87
user_013,2026-04-15,7618,7.7,78
user_013,2026-04-16,8991,7.7,74
user_013,2026-04-17,12806,7.4,73
user_013,2026-04-18,7701,8.6,81
user_013,2026-04-19,6877,6.4,85
user_013,2026-04-20,5707,7.8,65
user_013,2026-04-21,7871,7.8,74
user_013,2026-04-22,8843,9.1,75
user_013,2026-04-23,7511,8.5,81
user_013,2026-04-24,5544,8.1,77
user_013,2026-04-25,5004,8.9,70
user_013,2026-04-26,5851,7.3,72
user_013,2026-04-27,5807,6.1,84
user_013,2026-04-28,6306,6.5,54
user_013,2026-04-29,6722,6.2,85
user_013,2026-04-30,10019,6.8,90
user_013,2026-05-01,9963,7.2,52
user_013,2026-05-02,10181,6.1,58
user_013,2026-05-03,7645,9.9,83
user_013,2026-05-04,9127,8.1,78
user_014,2026-04-05,7117,7.8,72
user_014,2026-04-06,7874,6.7,69
user_014,2026-04-07,4614,7.4,64
user_014,2026-04-08,5792,7.7,83
user_014,2026-04-09,9836,5.9,64
user_014,2026-04-10,9881,6.5,70
user_014,2026-04-11,6700,6.5,72
user_014,2026-04-12,2931,6.9,74
user_014,2026-04-13,4814,7.9,71
user_014,2026-04-14,9104,7.7,82
user_014,2026-04-15,8250,7.1,72
user_014,2026-04-16,9086,7.5,72
user_014,2026-04-17,6596,6.8,60
user_014,2026-04-18,9099,6.3,66
user_014,2026-04-19,4163,8.4,69
user_014,2026-04-20,10495,6.8,74
user_014,2026-04-21,6329,9.6,62
user_014,2026-04-22,8619,8.1,75
user_014,2026-04-23,7629,7.4,72
user_014,2026-04-24,7705,8.5,89
user_014,2026-04-25,4485,6.1,71
user_014,2026-04-26,10759,6.7,85
user_014,2026-04-27,11355,6.9,76
user_014,2026-04-28,11256,7.1,70
user_014,2026-04-29,6836,6.5,66
user_014,2026-04-30,5552,7.5,65
user_014,2026-05-01,8467,5.9,74
user_014,2026-05-02,7267,5.5,74
user_014,2026-05-03,8055,6.3,85
user_014,2026-05-04,8838,6.8,71
user_015,2026-04-05,6716,7.6,76
user_015,2026-04-06,6158,7.7,60
user_015,2026-04-07,7777,6.6,66
user_015,2026-04-08,10472,8.6,76
user_015,2026-04-09,5815,7.2,81
user_015,2026-04-10,8283,9.8,75
user_015,2026-04-11,5984,7.2,73
user_015,2026-04-12,5295,8.2,79
user_015,2026-04-13,6428,6.2,57
user_015,2026-04-14,9015,6.4,54
user_015,2026-04-15,8777,10.0,71
user_015,2026-04-16,9676,7.6,71
user_015,2026-04-17,9838,7.2,74
user_015,2026-04-18,6243,6.8,79
user_015,2026-04-19,5250,6.7,76
user_015,2026-04-20,6203,7.5,71
user_015,2026-04-21,10171,8.0,71
user_015,2026-04-22,9635,8.9,76
user_015,2026-04-23,8020,6.2,63
user_015,2026-04-24,7389,6.9,70
user_015,2026-04-25,5713,8.0,71
user_015,2026-04-26,6573,7.6,56
user_015,2026-04-27,6121,7.4,62
user_015,2026-04-28,9199,9.0,81
user_015,2026-04-29,7573,9.0,73
user_015,2026-04-30,7325,6.9,69
user_015,2026-05-01,7223,7.7,73
user_015,2026-05-02,5606,7.9,81
user_015,2026-05-03,7499,6.0,51
user_015,2026-05-04,9868,6.1,70
user_016,2026-04-05,3259,5.7,76
user_016,2026-04-06,9518,6.9,51
user_016,2026-04-07,6907,7.9,60
user_016,2026-04-08,8366,7.5,76
user_016,2026-04-09,8239,6.5,81
user_016,2026-04-10,7682,7.5,64
user_016,2026-04-11,4713,6.6,70
user_016,2026-04-12,9023,6.1,59
user_016,2026-04-13,10942,7.3,66
user_016,2026-04-14,10079,6.9,86
user_016,2026-04-15,9355,7.0,89
user_016,2026-04-16,6788,8.2,74
user_016,2026-04-17,10603,9.1,72
user_016,2026-04-18,4093,8.0,66
user_016,2026-04-19,9626,7.6,69
user_016,2026-04-20,8369,6.2,64
user_016,2026-04-21,10400,6.8,63
user_016,2026-04-22,9073,8.7,77
user_016,2026-04-23,9992,6.7,60
user_016,2026-04-24,11002,7.2,69
user_016,2026-04-25,8256,8.1,75
user_016,2026-04-26,9930,6.9,79
user_016,2026-04-27,8114,7.8,84
user_016,2026-04-28,9015,8.0,80
user_016,2026-04-29,7270,6.7,63
user_016,2026-04-30,4067,9.6,63
user_016,2026-05-01,7557,7.2,74
user_016,2026-05-02,7231,8.4,67
user_016,2026-05-03,5265,7.8,70
user_016,2026-05-04,11214,8.0,77
user_017,2026-04-05,6925,8.7,73
user_017,2026-04-06,5406,7.9,66
user_017,2026-04-07,6942,8.1,81
user_017,2026-04-08,8042,7.8,85
user_017,2026-04-09,8481,10.1,76
user_017,2026-04-10,4478,8.3,75
user_017,2026-04-11,8179,8.2,70
user_017,2026-04-12,3151,7.3,65
user_017,2026-04-13,6838,8.1,85
user_017,2026-04-14,8789,6.3,75
user_017,2026-04-15,10393,6.9,70
user_017,2026-04-16,8029,6.7,77
user_017,2026-04-17,7758,7.9,64
user_017,2026-04-18,4725,8.2,69
user_017,2026-04-19,9053,7.1,73
user_017,2026-04-20,9865,6.1,57
user_017,2026-04-21,4948,8.8,67
user_017,2026-04-22,13116,6.9,73
user_017,2026-04-23,11084,9.5,88
user_017,2026-04-24,10416,8.5,76
user_017,2026-04-25,7156,6.9,65
user_017,2026-04-26,5593,7.3,68
user_017,2026-04-27,9392,8.5,72
user_017,2026-04-28,10955,6.4,70
user_017,2026-04-29,6566,5.6,71
user_017,2026-04-30,7756,9.0,77
user_017,2026-05-01,5951,9.4,81
user_017,2026-05-02,6764,7.3,64
user_017,2026-05-03,4855,8.6,87
user_017,2026-05-04,11086,7.0,63
user_018,2026-04-05,5881,5.7,74
user_018,2026-04-06,7704,7.0,59
user_018,2026-04-07,9027,7.0,62
user_018,2026-04-08,2255,7.5,86
user_018,2026-04-09,11322,7.0,67
user_018,2026-04-10,8937,6.5,74
user_018,2026-04-11,7132,8.7,71
user_018,2026-04-12,5192,6.6,65
user_018,2026-04-13,7547,7.9,79
user_018,2026-04-14,6393,9.0,69
user_018,2026-04-15,7957,6.8,52
user_018,2026-04-16,9768,8.2,69
user_018,2026-04-17,8133,8.0,59
user_018,2026-04-18,4541,8.3,61
user_018,2026-04-19,6187,6.1,75
user_018,2026-04-20,7928,5.9,81
user_018,2026-04-21,6530,6.7,73
user_018,2026-04-22,10297,6.5,72
user_018,2026-04-23,8857,8.2,73
user_018,2026-04-24,7265,6.7,72
user_018,2026-04-25,3455,4.6,75
user_018,2026-04-26,7407,5.1,63
user_018,2026-04-27,9238,9.6,72
user_018,2026-04-28,6543,7.3,82
user_018,2026-04-29,6708,6.7,68
user_018,2026-04-30,6093,7.6,84
user_018,2026-05-01,8646,7.2,69
user_018,2026-05-02,2473,8.4,71
user_018,2026-05-03,5239,10.7,74
user_018,2026-05-04,6496,7.1,81
user_019,2026-04-05,5826,6.1,79
user_019,2026-04-06,6663,9.4,80
user_019,2026-04-07,7105,8.8,72
user_019,2026-04-08,9705,8.0,65
user_019,2026-04-09,6712,8.5,69
user_019,2026-04-10,7192,6.5,75
user_019,2026-04-11,9725,6.4,72
user_019,2026-04-12,8424,7.4,75
user_019,2026-04-13,5875,7.9,70
user_019,2026-04-14,9971,8.7,92
user_019,2026-04-15,9159,7.8,73
user_019,2026-04-16,7293,7.8,69
user_019,2026-04-17,8336,8.8,63
user_019,2026-04-18,7879,8.8,71
user_019,2026-04-19,1356,6.9,82
user_019,2026-04-20,7954,6.5,67
user_019,2026-04-21,9681,8.0,70
user_019,2026-04-22,7266,7.1,64
user_019,2026-04-23,11230,7.2,81
user_019,2026-04-24,11042,8.5,68
user_019,2026-04-25,6407,7.5,64
user_019,2026-04-26,6248,6.3,81
user_019,2026-04-27,7070,7.7,74
user_019,2026-04-28,7482,8.1,68
user_019,2026-04-29,9742,6.2,73
user_019,2026-04-30,11877,6.5,66
user_019,2026-05-01,9027,7.7,74
user_019,2026-05-02,6578,8.1,80
user_019,2026-05-03,6419,7.3,77
user_019,2026-05-04,11799,7.4,64
user_020,2026-04-05,7814,7.4,54
user_020,2026-04-06,9694,7.0,71
user_020,2026-04-07,8663,7.7,77
user_020,2026-04-08,7129,8.0,69
user_020,2026-04-09,9477,8.1,64
user_020,2026-04-10,10171,7.0,78
user_020,2026-04-11,6334,9.3,70
user_020,2026-04-12,4901,7.5,69
user_020,2026-04-13,9599,5.9,63
user_020,2026-04-14,5864,8.5,85
user_020,2026-04-15,7791,7.3,72
user_020,2026-04-16,10323,6.6,73
user_020,2026-04-17,9950,8.0,73
user_020,2026-04-18,7602,4.8,77
user_020,2026-04-19,4291,5.7,76
user_020,2026-04-20,10747,7.4,79
user_020,2026-04-21,11224,8.8,85
user_020,2026-04-22,9484,7.6,59
user_020,2026-04-23,7507,6.7,89
user_020,2026-04-24,7648,7.6,76
user_020,2026-04-25,5687,9.2,67
user_020,2026-04-26,5989,6.8,61
user_020,2026-04-27,6776,7.5,68
user_020,2026-04-28,6615,6.1,71
user_020,2026-04-29,4990,8.3,72
user_020,2026-04-30,5084,7.2,65
user_020,2026-05-01,8638,8.8,56
user_020,2026-05-02,5830,7.3,77
user_020,2026-05-03,6026,6.7,69
user_020,2026-05-04,6407,8.6,72
user_021,2026-04-05,9402,7.4,66
user_021,2026-04-06,4972,5.7,59
user_021,2026-04-07,8534,8.0,59
user_021,2026-04-08,9790,7.0,73
user_021,2026-04-09,11224,8.4,69
user_021,2026-04-10,6217,5.3,66
user_021,2026-04-11,5177,6.5,70
user_021,2026-04-12,5753,7.3,66
user_021,2026-04-13,8337,7.9,63
user_021,2026-04-14,10821,7.4,72
user_021,2026-04-15,9416,7.7,79
user_021,2026-04-16,8574,6.9,74
user_021,2026-04-17,5712,7.6,71
user_021,2026-04-18,5183,7.4,56
user_021,2026-04-19,4502,7.6,73
user_021,2026-04-20,5944,8.8,65
user_021,2026-04-21,9938,7.9,66
user_021,2026-04-22,11550,6.3,79
user_021,2026-04-23,10001,6.8,83
user_021,2026-04-24,7499,7.8,74
user_021,2026-04-25,5331,8.3,78
user_021,2026-04-26,2102,8.8,58
user_021,2026-04-27,10065,8.6,63
user_021,2026-04-28,7178,6.4,70
user_021,2026-04-29,7383,8.3,82
user_021,2026-04-30,10791,6.9,70
user_021,2026-05-01,4633,6.7,79
user_021,2026-05-02,8831,6.3,67
user_021,2026-05-03,5547,7.8,65
user_021,2026-05-04,8848,7.0,71
user_022,2026-04-05,6692,7.5,68
user_022,2026-04-06,7780,7.4,69
user_022,2026-04-07,7482,9.1,76
user_022,2026-04-08,7409,8.2,69
user_022,2026-04-09,10346,7.9,71
user_022,2026-04-10,8895,5.9,62
user_022,2026-04-11,3212,7.6,85
user_022,2026-04-12,10062,8.1,76
user_022,2026-04-13,4397,7.0,65
user_022,2026-04-14,6758,7.3,68
user_022,2026-04-15,4041,8.2,63
user_022,2026-04-16,8478,9.6,64
user_022,2026-04-17,2939,7.2,80
user_022,2026-04-18,9516,6.3,75
user_022,2026-04-19,4669,7.4,93
user_022,2026-04-20,4994,7.8,75
user_022,2026-04-21,10171,7.6,74
user_022,2026-04-22,7216,7.8,69
user_022,2026-04-23,9243,7.1,75
user_022,2026-04-24,7941,8.6,71
user_022,2026-04-25,2053,8.8,64
user_022,2026-04-26,4292,6.9,82
user_022,2026-04-27,3728,10.6,80
user_022,2026-04-28,8446,7.4,74
user_022,2026-04-29,9042,8.1,76
user_022,2026-04-30,8179,7.3,70
user_022,2026-05-01,7610,8.6,76
user_022,2026-05-02,0,8.2,73
user_022,2026-05-03,5562,7.1,80
user_022,2026-05-04,9895,6.7,75
user_023,2026-04-05,3656,6.1,66
user_023,2026-04-06,9724,8.5,76
user_023,2026-04-07,9450,8.0,66
user_023,2026-04-08,8863,8.3,78
user_023,2026-04-09,10377,8.2,74
user_023,2026-04-10,10140,7.5,64
user_023,2026-04-11,5273,6.8,66
user_023,2026-04-12,5310,6.7,69
user_023,2026-04-13,4212,7.7,72
user_023,2026-04-14,6365,8.2,79
user_023,2026-04-15,4784,6.7,65
user_023,2026-04-16,6120,8.3,70
user_023,2026-04-17,7470,5.5,77
user_023,2026-04-18,3121,7.6,74
user_023,2026-04-19,8321,6.2,50
user_023,2026-04-20,8367,9.3,81
user_023,2026-04-21,8419,7.0,78
user_023,2026-04-22,6052,8.0,76
user_023,2026-04-23,10120,10.3,75
user_023,2026-04-24,6982,7.5,57
user_023,2026-04-25,4210,7.1,67
user_023,2026-04-26,5904,6.7,80
user_023,2026-04-27,8000,7.5,69
user_023,2026-04-28,8310,8.3,65
user_023,2026-04-29,6683,7.2,61
user_023,2026-04-30,6361,7.0,78
user_023,2026-05-01,8525,7.7,78
user_023,2026-05-02,5325,7.9,71
user_023,2026-05-03,6130,6.9,52
user_023,2026-05-04,7731,8.9,79
user_024,2026-04-05,7530,8.7,72
user_024,2026-04-06,8394,6.9,69
user_024,2026-04-07,9231,8.7,70
user_024,2026-04-08,7099,7.5,76
user_024,2026-04-09,5112,5.2,67
user_024,2026-04-10,5558,7.0,70
user_024,2026-04-11,4693,9.0,74
user_024,2026-04-12,6200,8.1,62
user_024,2026-04-13,10078,7.4,77
user_024,2026-04-14,5856,5.9,78
user_024,2026-04-15,8752,6.6,65
user_024,2026-04-16,10250,6.3,85
user_024,2026-04-17,6198,8.1,69
user_024,2026-04-18,6806,7.0,70
user_024,2026-04-19,5681,6.5,77
user_024,2026-04-20,6973,7.3,64
user_024,2026-04-21,2875,7.3,91
user_024,2026-04-22,9569,7.5,69
user_024,2026-04-23,8044,8.0,62
user_024,2026-04-24,10228,8.2,77
user_024,2026-04-25,6476,7.5,77
user_024,2026-04-26,6783,7.1,67
user_024,2026-04-27,8203,9.0,62
user_024,2026-04-28,5064,7.7,72
user_024,2026-04-29,8346,7.7,70
user_024,2026-04-30,10979,5.9,65
user_024,2026-05-01,7793,5.9,70
user_024,2026-05-02,8922,7.5,73
user_024,2026-05-03,3079,6.9,68
user_024,2026-05-04,7364,8.8,76
user_025,2026-04-05,3377,7.7,75
user_025,2026-04-06,10280,9.1,63
user_025,2026-04-07,6378,6.2,70
user_025,2026-04-08,8932,8.5,71
user_025,2026-04-09,7360,7.7,65
user_025,2026-04-10,12179,5.9,73
user_025,2026-04-11,9647,7.5,70
user_025,2026-04-12,4885,7.3,82
user_025,2026-04-13,3576,9.0,60
user_025,2026-04-14,7466,7.1,76
user_025,2026-04-15,4803,8.0,88
user_025,2026-04-16,5273,7.7,66
user_025,2026-04-17,8851,7.5,66
user_025,2026-04-18,6575,9.3,70
user_025,2026-04-19,7039,6.2,64
user_025,2026-04-20,8944,9.0,74
user_025,2026-04-21,7373,7.5,61
user_025,2026-04-22,9209,8.4,68
user_025,2026-04-23,7059,7.8,68
user_025,2026-04-24,7867,9.6,70
user_025,2026-04-25,4883,6.9,77
user_025,2026-04-26,5237,6.9,82
user_025,2026-04-27,10839,6.9,57
user_025,2026-04-28,10015,6.8,78
user_025,2026-04-29,4059,8.4,62
user_025,2026-04-30,9461,7.5,64
user_025,2026-05-01,7185,8.2,72
user_025,2026-05-02,6768,9.5,59
user_025,2026-05-03,8834,7.6,64
user_025,2026-05-04,5339,7.3,79
user_026,2026-04-05,5344,9.0,60
user_026,2026-04-06,7975,6.2,74
user_026,2026-04-07,9773,7.1,51
user_026,2026-04-08,8397,7.9,75
user_026,2026-04-09,10471,6.4,77
user_026,2026-04-10,10385,5.7,74
user_026,2026-04-11,4591,7.4,74
user_026,2026-04-12,4625,6.8,72
user_026,2026-04-13,5825,6.4,77
user_026,2026-04-14,5702,8.2,75
user_026,2026-04-15,4548,6.8,81
user_026,2026-04-16,6037,7.0,75
user_026,2026-04-17,9566,7.2,67
user_026,2026-04-18,8444,9.2,79
user_026,2026-04-19,5770,6.7,65
user_026,2026-04-20,9045,7.9,83
user_026,2026-04-21,9300,6.0,80
user_026,2026-04-22,6003,7.1,74
user_026,2026-04-23,11991,10.6,76
user_026,2026-04-24,7633,8.0,79
user_026,2026-04-25,4958,9.3,73
user_026,2026-04-26,6595,8.2,75
user_026,2026-04-27,9677,6.9,67
user_026,2026-04-28,5799,7.9,78
user_026,2026-04-29,8915,9.2,71
user_026,2026-04-30,9337,6.4,68
user_026,2026-05-01,9391,8.3,69
user_026,2026-05-02,5456,6.0,69
user_026,2026-05-03,7380,8.1,76
user_026,2026-05-04,8099,7.5,66
user_027,2026-04-05,6997,7.9,75
user_027,2026-04-06,6947,5.3,80
user_027,2026-04-07,7042,6.6,77
user_027,2026-04-08,7215,8.6,76
user_027,2026-04-09,9367,6.1,81
user_027,2026-04-10,8522,7.1,73
user_027,2026-04-11,2047,7.9,63
user_027,2026-04-12,2894,6.0,80
user_027,2026-04-13,6741,9.0,67
user_027,2026-04-14,4585,6.4,81
user_027,2026-04-15,7688,7.0,73
user_027,2026-04-16,9003,8.6,83
user_027,2026-04-17,7280,6.2,68
user_027,2026-04-18,6120,6.5,64
user_027,2026-04-19,6287,7.5,72
user_027,2026-04-20,6483,7.3,64
user_027,2026-04-21,9780,8.5,57
user_027,2026-04-22,6140,6.0,66
user_027,2026-04-23,7833,6.1,64
user_027,2026-04-24,5992,7.7,72
user_027,2026-04-25,4156,7.7,67
user_027,2026-04-26,5056,9.2,82
user_027,2026-04-27,5400,8.3,78
user_027,2026-04-28,5703,8.3,84
user_027,2026-04-29,5754,6.6,80
user_027,2026-04-30,8542,8.1,74
user_027,2026-05-01,8781,6.2,80
user_027,2026-05-02,7939,7.3,71
user_027,2026-05-03,2537,8.0,76
user_027,2026-05-04,7875,8.6,69
user_028,2026-04-05,6729,6.5,71
user_028,2026-04-06,7651,7.7,69
user_028,2026-04-07,7737,8.3,68
user_028,2026-04-08,4786,9.2,83
user_028,2026-04-09,5415,8.2,67
user_028,2026-04-10,8526,7.8,70
user_028,2026-04-11,4032,6.8,64
user_028,2026-04-12,3936,7.4,66
user_028,2026-04-13,9364,9.0,67
user_028,2026-04-14,8478,8.0,75
user_028,2026-04-15,8151,8.2,75
user_028,2026-04-16,5524,8.4,79
user_028,2026-04-17,6473,7.5,77
user_028,2026-04-18,5181,8.6,90
user_028,2026-04-19,4028,6.1,74
user_028,2026-04-20,9443,7.3,83
user_028,2026-04-21,5322,8.2,67
user_028,2026-04-22,11438,9.5,65
user_028,2026-04-23,6900,8.4,68
user_028,2026-04-24,7909,7.5,56
user_028,2026-04-25,5572,6.8,68
user_028,2026-04-26,8487,6.2,78
user_028,2026-04-27,7442,7.2,78
user_028,2026-04-28,8680,8.1,79
user_028,2026-04-29,7337,6.9,63
user_028,2026-04-30,6349,10.4,81
user_028,2026-05-01,5297,6.2,75
user_028,2026-05-02,6694,8.0,69
user_028,2026-05-03,5349,7.8,72
user_028,2026-05-04,3561,7.3,65
user_029,2026-04-05,5950,10.5,74
user_029,2026-04-06,7372,8.4,75
user_029,2026-04-07,8840,8.1,88
user_029,2026-04-08,5738,8.0,64
user_029,2026-04-09,9111,6.6,68
user_029,2026-04-10,7409,8.5,79
user_029,2026-04-11,3108,7.6,66
user_029,2026-04-12,3082,7.3,69
user_029,2026-04-13,12853,7.9,60
user_029,2026-04-14,6870,8.5,88
user_029,2026-04-15,4828,5.6,86
user_029,2026-04-16,8779,6.6,76
user_029,2026-04-17,2728,7.5,74
user_029,2026-04-18,7448,6.5,72
user_029,2026-04-19,3749,7.8,64
user_029,2026-04-20,7183,6.5,77
user_029,2026-04-21,9716,7.3,72
user_029,2026-04-22,5102,7.2,71
user_029,2026-04-23,13241,6.4,83
user_029,2026-04-24,9993,7.8,86
user_029,2026-04-25,6344,7.9,71
user_029,2026-04-26,8047,8.6,66
user_029,2026-04-27,5361,7.3,65
user_029,2026-04-28,7872,8.7,68
user_029,2026-04-29,7914,7.6,78
user_029,2026-04-30,3506,6.9,73
user_029,2026-05-01,10400,7.0,56
user_029,2026-05-02,6839,6.9,62
user_029,2026-05-03,4351,7.3,67
user_029,2026-05-04,3588,8.4,82
user_030,2026-04-05,6903,6.4,70
user_030,2026-04-06,7986,8.1,77
user_030,2026-04-07,6531,7.6,75
user_030,2026-04-08,10911,8.2,78
user_030,2026-04-09,8167,8.9,75
user_030,2026-04-10,6277,8.9,77
user_030,2026-04-11,4713,7.0,74
user_030,2026-04-12,6526,7.7,74
user_030,2026-04-13,11399,8.6,73
user_030,2026-04-14,9882,6.5,75
user_030,2026-04-15,11618,7.3,65
user_030,2026-04-16,6695,6.4,65
user_030,2026-04-17,7258,6.1,72
user_030,2026-04-18,7404,6.6,84
user_030,2026-04-19,6621,8.5,66
user_030,2026-04-20,9709,6.4,79
user_030,2026-04-21,8343,8.1,62
user_030,2026-04-22,6209,8.1,64
user_030,2026-04-23,8926,6.1,78
user_030,2026-04-24,5534,8.1,77
user_030,2026-04-25,4206,8.1,74
user_030,2026-04-26,4522,6.5,56
user_030,2026-04-27,8699,5.9,72
user_030,2026-04-28,7473,8.2,69
user_030,2026-04-29,7341,8.2,74
user_030,2026-04-30,8632,8.0,59
user_030,2026-05-01,9513,8.1,63
user_030,2026-05-02,5111,7.5,70
user_030,2026-05-03,6267,8.9,80
user_030,2026-05-04,5375,8.1,82
user_031,2026-04-05,6373,8.6,88
user_031,2026-04-06,10047,7.7,80
user_031,2026-04-07,8289,7.5,69
user_031,2026-04-08,11126,6.7,84
user_031,2026-04-09,8999,6.1,74
user_031,2026-04-10,3799,8.1,79
user_031,2026-04-11,4415,7.6,87
user_031,2026-04-12,4588,6.4,83
user_031,2026-04-13,11925,7.5,80
user_031,2026-04-14,10682,6.8,68
user_031,2026-04-15,10461,9.2,76
user_031,2026-04-16,6240,9.5,67
user_031,2026-04-17,7329,7.8,84
user_031,2026-04-18,7307,7.9,75
user_031,2026-04-19,5687,8.1,51
user_031,2026-04-20,7406,7.7,62
user_031,2026-04-21,8772,7.3,86
user_031,2026-04-22,11146,7.0,70
user_031,2026-04-23,7852,7.0,73
user_031,2026-04-24,6483,6.4,76
user_031,2026-04-25,6859,6.7,79
user_031,2026-04-26,4336,7.8,78
user_031,2026-04-27,7932,8.0,67
user_031,2026-04-28,7607,7.3,66
user_031,2026-04-29,7646,6.0,68
user_031,2026-04-30,7430,7.2,70
user_031,2026-05-01,7876,8.0,78
user_031,2026-05-02,4300,6.3,63
user_031,2026-05-03,4625,7.1,65
user_031,2026-05-04,5407,7.0,73
user_032,2026-04-05,6790,6.9,68
user_032,2026-04-06,6146,7.5,65
user_032,2026-04-07,9146,5.7,69
user_032,2026-04-08,8602,7.7,93
user_032,2026-04-09,8699,6.5,71
user_032,2026-04-10,4447,7.4,65
user_032,2026-04-11,7430,7.0,71
user_032,2026-04-12,4328,9.2,69
user_032,2026-04-13,11665,8.3,75
user_032,2026-04-14,8737,7.9,56
user_032,2026-04-15,7442,8.3,71
user_032,2026-04-16,5189,7.4,85
user_032,2026-04-17,10493,7.4,79
user_032,2026-04-18,4866,5.8,64
user_032,2026-04-19,8725,7.2,70
user_032,2026-04-20,7400,9.4,85
user_032,2026-04-21,12437,7.3,74
user_032,2026-04-22,4966,9.0,62
user_032,2026-04-23,8433,6.4,67
user_032,2026-04-24,6325,6.9,67
user_032,2026-04-25,4503,8.3,63
user_032,2026-04-26,6041,8.7,67
user_032,2026-04-27,6564,7.3,81
user_032,2026-04-28,8388,7.0,75
user_032,2026-04-29,5795,8.2,75
user_032,2026-04-30,7384,6.7,64
user_032,2026-05-01,9069,8.7,66
user_032,2026-05-02,6516,5.4,67
user_032,2026-05-03,5537,6.6,64
user_032,2026-05-04,6664,7.8,70
user_033,2026-04-05,1123,5.4,67
user_033,2026-04-06,8915,4.8,68
user_033,2026-04-07,6947,8.9,68
user_033,2026-04-08,8765,7.6,54
user_033,2026-04-09,9536,7.7,76
user_033,2026-04-10,15852,5.4,85
user_033,2026-04-11,5025,7.8,71
user_033,2026-04-12,4751,6.9,74
user_033,2026-04-13,4965,8.3,68
user_033,2026-04-14,5739,7.0,82
user_033,2026-04-15,6929,7.9,66
user_033,2026-04-16,9515,8.2,86
user_033,2026-04-17,7648,8.2,72
user_033,2026-04-18,8191,6.8,77
user_033,2026-04-19,5210,7.4,72
user_033,2026-04-20,8504,7.4,73
user_033,2026-04-21,11156,8.5,78
user_033,2026-04-22,7088,6.6,79
user_033,2026-04-23,9752,9.0,67
user_033,2026-04-24,7540,5.9,68
user_033,2026-04-25,7593,7.0,77
user_033,2026-04-26,5218,7.8,62
user_033,2026-04-27,8170,4.5,70
user_033,2026-04-28,4739,8.7,78
user_033,2026-04-29,8933,9.0,64
user_033,2026-04-30,11494,8.4,70
user_033,2026-05-01,10271,6.4,65
user_033,2026-05-02,4382,7.0,63
user_033,2026-05-03,8046,7.2,74
user_033,2026-05-04,6859,5.7,74
user_034,2026-04-05,1775,7.4,61
user_034,2026-04-06,11974,8.4,72
user_034,2026-04-07,10527,6.7,76
user_034,2026-04-08,8399,7.8,82
user_034,2026-04-09,9464,7.8,58
user_034,2026-04-10,6079,7.4,72
user_034,2026-04-11,3339,9.9,84
user_034,2026-04-12,6804,7.6,70
user_034,2026-04-13,6096,7.6,74
user_034,2026-04-14,5516,7.8,70
user_034,2026-04-15,4184,6.6,68
user_034,2026-04-16,11775,8.1,61
user_034,2026-04-17,8972,6.0,80
user_034,2026-04-18,4657,7.4,82
user_034,2026-04-19,3025,6.1,67
user_034,2026-04-20,10076,6.0,50
user_034,2026-04-21,7097,8.1,81
user_034,2026-04-22,7073,7.1,81
user_034,2026-04-23,4260,7.1,73
user_034,2026-04-24,8898,7.0,72
user_034,2026-04-25,623,6.8,75
user_034,2026-04-26,3635,7.6,75
user_034,2026-04-27,7314,7.7,64
user_034,2026-04-28,7586,8.1,73
user_034,2026-04-29,6826,7.7,77
user_034,2026-04-30,3900,8.7,69
user_034,2026-05-01,8850,8.7,61
user_034,2026-05-02,4181,7.2,65
user_034,2026-05-03,9069,6.6,67
user_034,2026-05-04,8408,6.3,68
user_035,2026-04-05,6234,7.2,71
user_035,2026-04-06,6941,6.0,74
user_035,2026-04-07,11509,7.5,73
user_035,2026-04-08,9385,6.2,85
user_035,2026-04-09,8404,9.1,66
user_035,2026-04-10,11636,8.3,76
user_035,2026-04-11,6068,7.3,81
user_035,2026-04-12,5880,5.5,63
user_035,2026-04-13,7628,7.8,71
user_035,2026-04-14,10437,5.5,73
user_035,2026-04-15,4364,8.3,71
user_035,2026-04-16,8839,6.6,82
user_035,2026-04-17,10083,8.1,70
user_035,2026-04-18,6759,6.8,78
user_035,2026-04-19,8898,8.6,66
user_035,2026-04-20,8722,6.2,76
user_035,2026-04-21,8901,5.6,62
user_035,2026-04-22,7433,7.2,62
user_035,2026-04-23,8777,7.8,70
user_035,2026-04-24,6488,8.5,85
user_035,2026-04-25,4632,6.9,75
user_035,2026-04-26,4883,7.4,77
user_035,2026-04-27,4181,8.8,72
user_035,2026-04-28,7177,7.4,71
user_035,2026-04-29,4537,9.0,72
user_035,2026-04-30,8886,8.5,63
user_035,2026-05-01,8946,7.2,78
user_035,2026-05-02,1345,7.4,67
user_035,2026-05-03,6464,8.0,66
user_035,2026-05-04,6575,7.4,64
user_036,2026-04-05,7283,7.1,50
user_036,2026-04-06,7250,6.5,58
user_036,2026-04-07,5525,7.6,82
user_036,2026-04-08,8626,6.9,75
user_036,2026-04-09,7081,6.8,62
user_036,2026-04-10,4496,7.1,73
user_036,2026-04-11,5406,7.1,64
user_036,2026-04-12,6816,6.2,78
user_036,2026-04-13,5995,6.7,60
user_036,2026-04-14,6997,8.5,76
user_036,2026-04-15,9956,8.0,63
user_036,2026-04-16,7338,6.7,82
user_036,2026-04-17,5606,8.4,79
user_036,2026-04-18,9259,7.1,77
user_036,2026-04-19,10163,6.9,59
user_036,2026-04-20,4239,8.2,56
user_036,2026-04-21,7255,7.9,73
user_036,2026-04-22,8850,7.7,82
user_036,2026-04-23,6095,6.8,65
user_036,2026-04-24,9660,8.4,75
user_036,2026-04-25,7966,6.3,85
user_036,2026-04-26,8646,8.2,86
user_036,2026-04-27,4686,7.0,66
user_036,2026-04-28,9442,6.4,78
user_036,2026-04-29,10741,8.2,74
user_036,2026-04-30,6024,6.7,81
user_036,2026-05-01,9558,7.5,68
user_036,2026-05-02,1548,6.4,87
user_036,2026-05-03,3039,7.7,80
user_036,2026-05-04,5490,7.7,79
user_037,2026-04-05,5624,10.4,58
user_037,2026-04-06,10117,7.3,78
user_037,2026-04-07,8882,6.8,73
user_037,2026-04-08,4284,8.1,74
user_037,2026-04-09,9277,8.6,74
user_037,2026-04-10,8296,6.6,66
user_037,2026-04-11,7973,8.9,70
user_037,2026-04-12,5692,6.6,81
user_037,2026-04-13,9330,9.4,64
user_037,2026-04-14,7243,7.7,77
user_037,2026-04-15,7568,6.6,79
user_037,2026-04-16,9442,6.6,82
user_037,2026-04-17,10340,7.6,72
user_037,2026-04-18,6708,6.6,72
user_037,2026-04-19,1295,8.4,59
user_037,2026-04-20,11006,7.2,70
user_037,2026-04-21,6744,7.2,83
user_037,2026-04-22,3024,8.8,74
user_037,2026-04-23,5585,6.4,85
user_037,2026-04-24,6108,6.3,81
user_037,2026-04-25,6277,6.6,73
user_037,2026-04-26,3548,8.6,80
user_037,2026-04-27,9064,7.9,86
user_037,2026-04-28,7999,6.3,75
user_037,2026-04-29,12172,6.5,69
user_037,2026-04-30,8832,7.4,64
user_037,2026-05-01,10243,9.8,73
user_037,2026-05-02,3791,6.0,74
user_037,2026-05-03,7807,8.0,71
user_037,2026-05-04,6821,6.4,78
user_038,2026-04-05,7427,6.0,84
user_038,2026-04-06,9148,8.9,61
user_038,2026-04-07,5268,7.4,76
user_038,2026-04-08,11592,8.2,70
user_038,2026-04-09,5947,8.7,64
user_038,2026-04-10,11256,7.2,84
user_038,2026-04-11,6957,7.4,67
user_038,2026-04-12,4918,7.9,72
user_038,2026-04-13,6812,7.3,72
user_038,2026-04-14,3742,8.0,64
user_038,2026-04-15,5693,5.8,57
user_038,2026-04-16,5289,6.8,87
user_038,2026-04-17,6948,7.7,75
user_038,2026-04-18,5862,7.4,62
user_038,2026-04-19,8501,9.3,58
user_038,2026-04-20,5951,7.2,64
user_038,2026-04-21,9011,6.8,89
user_038,2026-04-22,10381,7.7,80
user_038,2026-04-23,10211,6.9,65
user_038,2026-04-24,8156,8.4,73
user_038,2026-04-25,2446,6.7,71
user_038,2026-04-26,5448,9.5,60
user_038,2026-04-27,9011,9.0,90
user_038,2026-04-28,7191,8.0,76
user_038,2026-04-29,8390,7.4,75
user_038,2026-04-30,2935,8.2,73
user_038,2026-05-01,7555,9.5,66
user_038,2026-05-02,4793,9.5,65
user_038,2026-05-03,4499,7.4,78
user_038,2026-05-04,8415,6.2,67
user_039,2026-04-05,4385,7.4,75
user_039,2026-04-06,8836,5.7,80
user_039,2026-04-07,8505,8.9,75
user_039,2026-04-08,10202,8.0,82
user_039,2026-04-09,9044,7.4,90
user_039,2026-04-10,9778,8.1,61
user_039,2026-04-11,3023,7.8,73
user_039,2026-04-12,4371,7.6,84
user_039,2026-04-13,9390,6.4,71
user_039,2026-04-14,6390,7.1,68
user_039,2026-04-15,7044,6.2,70
user_039,2026-04-16,6878,4.6,88
user_039,2026-04-17,10177,7.1,72
user_039,2026-04-18,3256,9.2,87
user_039,2026-04-19,5913,8.5,73
user_039,2026-04-20,5326,7.1,73
user_039,2026-04-21,7090,7.3,71
user_039,2026-04-22,7838,7.6,63
user_039,2026-04-23,6565,6.2,79
user_039,2026-04-24,3788,8.7,83
user_039,2026-04-25,4995,4.9,69
user_039,2026-04-26,5471,6.5,67
user_039,2026-04-27,11060,8.2,64
user_039,2026-04-28,4804,7.2,70
user_039,2026-04-29,8992,7.0,76
user_039,2026-04-30,11870,8.3,71
user_039,2026-05-01,7633,7.1,81
user_039,2026-05-02,4345,7.5,72
user_039,2026-05-03,4596,6.1,74
user_039,2026-05-04,7877,8.0,67
user_040,2026-04-05,8041,6.6,85
user_040,2026-04-06,4504,7.9,75
user_040,2026-04-07,6408,7.9,82
user_040,2026-04-08,3566,8.0,52
user_040,2026-04-09,6068,9.1,67
user_040,2026-04-10,5652,7.3,88
user_040,2026-04-11,1936,6.4,83
user_040,2026-04-12,9315,7.4,62
user_040,2026-04-13,12191,9.1,77
user_040,2026-04-14,6375,7.5,70
user_040,2026-04-15,8661,9.0,79
user_040,2026-04-16,5845,8.9,74
user_040,2026-04-17,9374,9.0,63
user_040,2026-04-18,5528,7.0,59
user_040,2026-04-19,6293,10.0,57
user_040,2026-04-20,7935,8.1,72
user_040,2026-04-21,7773,6.2,73
user_040,2026-04-22,6486,5.3,81
user_040,2026-04-23,9916,7.6,73
user_040,2026-04-24,10148,7.7,79
user_040,2026-04-25,5005,8.8,74
user_040,2026-04-26,5988,6.2,74
user_040,2026-04-27,6336,6.9,65
user_040,2026-04-28,5867,9.6,82
user_040,2026-04-29,11840,6.3,72
user_040,2026-04-30,5412,6.8,64
user_040,2026-05-01,10479,7.1,80
user_040,2026-05-02,6808,9.8,60
user_040,2026-05-03,8118,8.6,64
user_040,2026-05-04,10014,7.8,70
user_041,2026-04-05,3952,6.8,88
user_041,2026-04-06,8001,8.3,65
user_041,2026-04-07,6440,8.6,61
user_041,2026-04-08,7169,7.5,72
user_041,2026-04-09,7641,7.9,77
user_041,2026-04-10,9469,6.5,69
user_041,2026-04-11,7989,8.4,61
user_041,2026-04-12,6302,5.5,72
user_041,2026-04-13,11795,6.6,65
user_041,2026-04-14,9528,6.0,66
user_041,2026-04-15,9192,6.9,70
user_041,2026-04-16,9488,7.9,74
user_041,2026-04-17,7321,7.9,71
user_041,2026-04-18,6515,7.0,70
user_041,2026-04-19,3620,7.5,65
user_041,2026-04-20,5771,7.8,73
user_041,2026-04-21,9565,7.1,75
user_041,2026-04-22,9101,7.9,65
user_041,2026-04-23,8298,7.9,72
user_041,2026-04-24,3827,7.7,89
user_041,2026-04-25,4879,6.8,74
user_041,2026-04-26,6224,8.7,61
user_041,2026-04-27,9462,8.1,70
user_041,2026-04-28,8677,8.5,78
user_041,2026-04-29,5713,8.3,71
user_041,2026-04-30,8145,7.6,70
user_041,2026-05-01,10383,7.4,63
user_041,2026-05-02,4812,7.7,81
user_041,2026-05-03,6806,6.6,91
user_041,2026-05-04,8529,8.8,70
user_042,2026-04-05,6666,8.3,81
user_042,2026-04-06,10114,8.4,69
user_042,2026-04-07,6856,7.8,79
user_042,2026-04-08,7554,8.6,83
user_042,2026-04-09,6167,6.7,70
user_042,2026-04-10,8615,7.0,82
user_042,2026-04-11,6448,7.5,60
user_042,2026-04-12,2968,7.8,54
user_042,2026-04-13,10025,7.3,97
user_042,2026-04-14,12615,7.3,71
user_042,2026-04-15,9991,9.2,58
user_042,2026-04-16,4427,6.9,76
user_042,2026-04-17,8993,8.6,62
user_042,2026-04-18,967,8.4,65
user_042,2026-04-19,1563,7.6,78
user_042,2026-04-20,7755,7.0,70
user_042,2026-04-21,7258,6.2,66
user_042,2026-04-22,9042,7.8,73
user_042,2026-04-23,6009,7.3,54
user_042,2026-04-24,8356,8.9,60
user_042,2026-04-25,4428,7.8,82
user_042,2026-04-26,4703,6.8,56
user_042,2026-04-27,8206,9.5,74
user_042,2026-04-28,7955,7.8,71
user_042,2026-04-29,6373,8.3,73
user_042,2026-04-30,8035,6.5,82
user_042,2026-05-01,9329,6.9,80
user_042,2026-05-02,4604,6.7,65
user_042,2026-05-03,2057,8.0,57
user_042,2026-05-04,5543,5.4,71
user_043,2026-04-05,5299,7.2,63
user_043,2026-04-06,5655,8.0,67
user_043,2026-04-07,8632,6.6,73
user_043,2026-04-08,10606,8.1,68
user_043,2026-04-09,8514,7.3,72
user_043,2026-04-10,7348,7.3,73
user_043,2026-04-11,3613,6.5,60
user_043,2026-04-12,2399,6.3,73
user_043,2026-04-13,6214,8.0,72
user_043,2026-04-14,4062,8.2,78
user_043,2026-04-15,6012,7.9,65
user_043,2026-04-16,8195,6.2,57
user_043,2026-04-17,7234,7.4,68
user_043,2026-04-18,3231,7.1,74
user_043,2026-04-19,5510,7.7,66
user_043,2026-04-20,10343,6.3,75
user_043,2026-04-21,10363,8.0,70
user_043,2026-04-22,6943,8.5,60
user_043,2026-04-23,6059,7.1,81
user_043,2026-04-24,8759,6.5,69
user_043,2026-04-25,4371,6.8,79
user_043,2026-04-26,2856,9.1,78
user_043,2026-04-27,10181,7.0,70
user_043,2026-04-28,5133,7.0,75
user_043,2026-04-29,10592,6.4,69
user_043,2026-04-30,7697,6.1,76
user_043,2026-05-01,6552,7.3,68
user_043,2026-05-02,4021,7.5,70
user_043,2026-05-03,4856,6.8,74
user_043,2026-05-04,11307,7.6,79
user_044,2026-04-05,2819,7.7,63
user_044,2026-04-06,5046,6.8,81
user_044,2026-04-07,9900,7.7,59
user_044,2026-04-08,7607,7.8,73
user_044,2026-04-09,4312,6.6,71
user_044,2026-04-10,9072,5.3,70
user_044,2026-04-11,5886,8.3,77
user_044,2026-04-12,6765,6.7,56
user_044,2026-04-13,7213,8.5,83
user_044,2026-04-14,9421,7.9,75
user_044,2026-04-15,6887,7.4,85
user_044,2026-04-16,6114,9.1,69
user_044,2026-04-17,10650,6.1,76
user_044,2026-04-18,4126,6.1,73
user_044,2026-04-19,7618,6.7,60
user_044,2026-04-20,7816,7.4,76
user_044,2026-04-21,9899,7.4,86
user_044,2026-04-22,8448,7.2,59
user_044,2026-04-23,7474,7.2,79
user_044,2026-04-24,8924,6.3,73
user_044,2026-04-25,6943,9.0,79
user_044,2026-04-26,7121,7.6,75
user_044,2026-04-27,10499,6.2,69
user_044,2026-04-28,6454,7.9,81
user_044,2026-04-29,6806,5.1,68
user_044,2026-04-30,9826,8.0,75
user_044,2026-05-01,7440,6.2,76
user_044,2026-05-02,3931,9.7,76
user_044,2026-05-03,4438,6.9,71
user_044,2026-05-04,7520,8.6,73
user_045,2026-04-05,4136,9.4,72
user_045,2026-04-06,9537,6.9,74
user_045,2026-04-07,8622,5.6,88
user_045,2026-04-08,10581,7.1,63
user_045,2026-04-09,8695,7.6,74
user_045,2026-04-10,8383,8.0,83
user_045,2026-04-11,6736,6.5,82
user_045,2026-04-12,8881,10.7,63
user_045,2026-04-13,8485,5.4,76
user_045,2026-04-14,6903,9.4,65
user_045,2026-04-15,4621,7.0,56
user_045,2026-04-16,9502,5.4,72
user_045,2026-04-17,3844,7.2,85
user_045,2026-04-18,6321,6.6,71
user_045,2026-04-19,5636,8.0,61
user_045,2026-04-20,9185,4.8,66
user_045,2026-04-21,7023,8.1,72
user_045,2026-04-22,5188,6.5,73
user_045,2026-04-23,7841,6.9,68
user_045,2026-04-24,9392,7.0,71
user_045,2026-04-25,9939,6.1,57
user_045,2026-04-26,7167,6.8,69
user_045,2026-04-27,6437,7.2,84
user_045,2026-04-28,9604,8.4,60
user_045,2026-04-29,5697,4.7,65
user_045,2026-04-30,9913,8.0,70
user_045,2026-05-01,7955,6.8,73
user_045,2026-05-02,7131,5.9,74
user_045,2026-05-03,7464,7.1,77
user_045,2026-05-04,13629,7.4,75
user_046,2026-04-05,4123,7.7,75
user_046,2026-04-06,8389,6.5,73
user_046,2026-04-07,10924,7.9,79
user_046,2026-04-08,7525,8.2,74
user_046,2026-04-09,6098,7.8,64
user_046,2026-04-10,6734,7.7,74
user_046,2026-04-11,3221,8.6,76
user_046,2026-04-12,4190,6.0,70
user_046,2026-04-13,7108,7.6,69
user_046,2026-04-14,3985,7.1,69
user_046,2026-04-15,9267,6.8,85
user_046,2026-04-16,4176,8.8,70
user_046,2026-04-17,9719,7.6,81
user_046,2026-04-18,4825,6.4,83
user_046,2026-04-19,5373,7.7,81
user_046,2026-04-20,5936,8.1,67
user_046,2026-04-21,7735,7.6,59
user_046,2026-04-22,6442,8.9,79
user_046,2026-04-23,7874,7.7,69
user_046,2026-04-24,10713,7.3,73
user_046,2026-04-25,7892,6.7,84
user_046,2026-04-26,2539,9.1,69
user_046,2026-04-27,7514,5.6,68
user_046,2026-04-28,5920,6.9,70
user_046,2026-04-29,9915,7.7,74
user_046,2026-04-30,5808,6.6,86
user_046,2026-05-01,6529,9.2,70
user_046,2026-05-02,5604,8.6,82
user_046,2026-05-03,5378,7.1,71
user_046,2026-05-04,8675,8.4,72
user_047,2026-04-05,6837,9.1,75
user_047,2026-04-06,8623,6.0,50
user_047,2026-04-07,8776,7.4,67
user_047,2026-04-08,8487,7.4,81
user_047,2026-04-09,8172,6.8,79
user_047,2026-04-10,7565,8.0,68
user_047,2026-04-11,4300,7.6,72
user_047,2026-04-12,6559,7.2,57
user_047,2026-04-13,7134,8.3,69
user_047,2026-04-14,7507,8.5,66
user_047,2026-04-15,4914,7.3,68
user_047,2026-04-16,6067,7.3,75
user_047,2026-04-17,7981,7.8,86
user_047,2026-04-18,4914,7.8,67
user_047,2026-04-19,3907,6.9,68
user_047,2026-04-20,8718,9.8,66
user_047,2026-04-21,7166,7.4,75
user_047,2026-04-22,8527,8.8,52
user_047,2026-04-23,3226,7.0,80
user_047,2026-04-24,4868,4.5,76
user_047,2026-04-25,6087,6.4,64
user_047,2026-04-26,3660,7.6,66
user_047,2026-04-27,8988,4.6,65
user_047,2026-04-28,5747,7.2,67
user_047,2026-04-29,9595,5.6,72
user_047,2026-04-30,9116,9.4,68
user_047,2026-05-01,8648,5.7,52
user_047,2026-05-02,7289,7.5,81
user_047,2026-05-03,2853,8.0,86
user_047,2026-05-04,8839,7.8,72
user_048,2026-04-05,2458,8.9,67
user_048,2026-04-06,9008,5.9,62
user_048,2026-04-07,10870,7.2,83
user_048,2026-04-08,7843,5.7,79
user_048,2026-04-09,6820,8.2,72
user_048,2026-04-10,4913,7.7,89
user_048,2026-04-11,6585,7.4,80
user_048,2026-04-12,6021,7.7,63
user_048,2026-04-13,8467,8.5,65
user_048,2026-04-14,10848,7.4,64
user_048,2026-04-15,9995,7.2,78
user_048,2026-04-16,7416,7.4,75
user_048,2026-04-17,8581,5.5,63
user_048,2026-04-18,7458,7.4,67
user_048,2026-04-19,2882,6.4,55
user_048,2026-04-20,7797,6.9,64
user_048,2026-04-21,7863,7.9,88
user_048,2026-04-22,4976,8.7,79
user_048,2026-04-23,6441,7.7,68
user_048,2026-04-24,8371,9.0,76
user_048,2026-04-25,6617,7.1,60
user_048,2026-04-26,5183,8.7,59
user_048,2026-04-27,5889,7.6,64
user_048,2026-04-28,6414,7.1,61
user_048,2026-04-29,6051,8.2,61
user_048,2026-04-30,4804,6.9,77
user_048,2026-05-01,7606,7.0,72
user_048,2026-05-02,2108,8.0,75
user_048,2026-05-03,4781,8.5,62
user_048,2026-05-04,10255,7.7,69
user_049,2026-04-05,5560,7.4,81
user_049,2026-04-06,5846,6.7,80
user_049,2026-04-07,6808,8.4,85
user_049,2026-04-08,7196,8.2,62
user_049,2026-04-09,9509,7.7,75
user_049,2026-04-10,6708,5.8,76
user_049,2026-04-11,1473,7.2,79
user_049,2026-04-12,5983,9.4,80
user_049,2026-04-13,6692,7.5,71
user_049,2026-04-14,4835,6.6,67
user_049,2026-04-15,3927,7.5,70
user_049,2026-04-16,4654,7.9,77
user_049,2026-04-17,8454,7.2,76
user_049,2026-04-18,6960,7.8,65
user_049,2026-04-19,6153,8.7,67
user_049,2026-04-20,12195,7.0,72
user_049,2026-04-21,6655,7.7,58
user_049,2026-04-22,6907,6.4,73
user_049,2026-04-23,9988,8.1,53
user_049,2026-04-24,12084,7.8,65
user_049,2026-04-25,5914,7.7,66
user_049,2026-04-26,5995,6.9,68
user_049,2026-04-27,6627,6.1,73
user_049,2026-04-28,9170,8.0,78
user_049,2026-04-29,8648,7.0,78
user_049,2026-04-30,5284,6.6,64
user_049,2026-05-01,10160,8.4,75
user_049,2026-05-02,7743,6.6,74
user_049,2026-05-03,5349,8.3,71
user_049,2026-05-04,7230,8.0,79
user_050,2026-04-05,4263,7.4,63
user_050,2026-04-06,3003,7.7,76
user_050,2026-04-07,8524,5.6,69
user_050,2026-04-08,3563,8.9,63
user_050,2026-04-09,10510,8.4,64
user_050,2026-04-10,5734,7.9,65
user_050,2026-04-11,5804,7.0,57
user_050,2026-04-12,1139,7.7,67
user_050,2026-04-13,6893,8.2,81
user_050,2026-04-14,7454,7.2,76
user_050,2026-04-15,5286,7.7,76
user_050,2026-04-16,9360,5.6,65
user_050,2026-04-17,6243,7.6,75
user_050,2026-04-18,8593,7.0,68
user_050,2026-04-19,7899,7.8,82
user_050,2026-04-20,8577,6.3,61
user_050,2026-04-21,4896,8.2,81
user_050,2026-04-22,11698,8.3,81
user_050,2026-04-23,6839,6.3,78
user_050,2026-04-24,8835,7.6,75
user_050,2026-04-25,6246,8.8,82
user_050,2026-04-26,6688,8.3,76
user_050,2026-04-27,7077,8.3,60
user_050,2026-04-28,10107,6.3,74
user_050,2026-04-29,6309,8.1,71
user_050,2026-04-30,4810,7.9,67
user_050,2026-05-01,9762,7.5,75
user_050,2026-05-02,3684,6.9,68
user_050,2026-05-03,7313,9.2,65
user_050,2026-05-04,10153,5.3,62
